channels,histSpend,histSpendTotal,initSpendUnitTotal,initSpendUnit,initSpendShare,initResponseUnit,initResponseUnitTotal,initRoiUnit,expSpendTotal,expSpendUnitTotal,expSpendUnitDelta,optmSpendUnit,optmSpendUnitDelta,optmSpendUnitTotal,optmSpendUnitTotalDelta,optmSpendShareUnit,optmResponseUnit,optmResponseUnitTotal,optmRoiUnit,optmResponseUnitLift,optmResponseUnitTotalLift
fb,1797576,3608511,9886.33150684931,4924.86575342466,0.498148959501578,628698.226039071,1462063.62232486,127.657941864077,3608511,9886.33150684931,0,1261.22950054632,-0.743905811103728,9886.33150685054,1.23900889548167e-13,0.127573053733063,286540.199701851,1765528.84069102,227.191165111292,-0.54423253027591,0.207559516379738
tv,1810935,3608511,9886.33150684931,4961.46575342466,0.501851040498422,833365.396285794,1462063.62232486,167.967580086704,3608511,9886.33150684931,0,8625.10200630422,0.738418127818526,9886.33150685054,1.23900889548167e-13,0.872426946266937,1478988.64098917,1765528.84069102,171.474915880201,0.774718085945059,0.207559516379738
